study,wake,name,expected_path
buffer_table,bast,a0.9_f1.0_d40,/Users/julianquick/clusters/analysis/buffer_table_funwake/a0.9_f1.0_d40/Nt50/results.json
buffer_table,tp,a0.9_f1.0_d40,/Users/julianquick/clusters/analysis/buffer_table_tp_funwake/a0.9_f1.0_d40/Nt50/results.json
cross_section_fixed,bast,dei_d2,/Users/julianquick/clusters/analysis/cross_section_fixed_funwake/dei_d2/Nt50/results.json
cross_section_fixed,tp,dei_d2,/Users/julianquick/clusters/analysis/cross_section_fixed_tp_funwake/dei_d2/Nt50/results.json
cross_section_fixed,bast,dei_d5,/Users/julianquick/clusters/analysis/cross_section_fixed_funwake/dei_d5/Nt50/results.json
cross_section_fixed,tp,dei_d5,/Users/julianquick/clusters/analysis/cross_section_fixed_tp_funwake/dei_d5/Nt50/results.json
cross_section_fixed,tp,dei_d10,/Users/julianquick/clusters/analysis/cross_section_fixed_tp_funwake/dei_d10/Nt50/results.json
cross_section_fixed,tp,dei_d15,/Users/julianquick/clusters/analysis/cross_section_fixed_tp_funwake/dei_d15/Nt50/results.json
cross_section_fixed,bast,dei_d20,/Users/julianquick/clusters/analysis/cross_section_fixed_funwake/dei_d20/Nt50/results.json
cross_section_fixed,tp,dei_d20,/Users/julianquick/clusters/analysis/cross_section_fixed_tp_funwake/dei_d20/Nt50/results.json
cross_section_fixed,bast,dei_d30,/Users/julianquick/clusters/analysis/cross_section_fixed_funwake/dei_d30/Nt50/results.json
cross_section_fixed,tp,dei_d30,/Users/julianquick/clusters/analysis/cross_section_fixed_tp_funwake/dei_d30/Nt50/results.json
cross_section_fixed,bast,dei_d40,/Users/julianquick/clusters/analysis/cross_section_fixed_funwake/dei_d40/Nt50/results.json
cross_section_fixed,tp,dei_d40,/Users/julianquick/clusters/analysis/cross_section_fixed_tp_funwake/dei_d40/Nt50/results.json
cross_section_fixed,bast,a0.5_f0.0_d2,/Users/julianquick/clusters/analysis/cross_section_fixed_funwake/a0.5_f0.0_d2/Nt50/results.json
cross_section_fixed,tp,a0.5_f0.0_d5,/Users/julianquick/clusters/analysis/cross_section_fixed_tp_funwake/a0.5_f0.0_d5/Nt50/results.json
cross_section_fixed,bast,a0.5_f0.0_d10,/Users/julianquick/clusters/analysis/cross_section_fixed_funwake/a0.5_f0.0_d10/Nt50/results.json
cross_section_fixed,tp,a0.5_f0.0_d10,/Users/julianquick/clusters/analysis/cross_section_fixed_tp_funwake/a0.5_f0.0_d10/Nt50/results.json
cross_section_fixed,bast,a0.5_f0.0_d15,/Users/julianquick/clusters/analysis/cross_section_fixed_funwake/a0.5_f0.0_d15/Nt50/results.json
cross_section_fixed,tp,a0.5_f0.0_d15,/Users/julianquick/clusters/analysis/cross_section_fixed_tp_funwake/a0.5_f0.0_d15/Nt50/results.json
cross_section_fixed,bast,a0.5_f0.0_d20,/Users/julianquick/clusters/analysis/cross_section_fixed_funwake/a0.5_f0.0_d20/Nt50/results.json
cross_section_fixed,tp,a0.5_f0.0_d20,/Users/julianquick/clusters/analysis/cross_section_fixed_tp_funwake/a0.5_f0.0_d20/Nt50/results.json
cross_section_fixed,bast,a0.5_f0.0_d30,/Users/julianquick/clusters/analysis/cross_section_fixed_funwake/a0.5_f0.0_d30/Nt50/results.json
cross_section_fixed,bast,a0.5_f0.0_d40,/Users/julianquick/clusters/analysis/cross_section_fixed_funwake/a0.5_f0.0_d40/Nt50/results.json
cross_section_fixed,tp,a0.5_f0.0_d40,/Users/julianquick/clusters/analysis/cross_section_fixed_tp_funwake/a0.5_f0.0_d40/Nt50/results.json
cross_section_fixed,bast,a0.5_f1.0_d2,/Users/julianquick/clusters/analysis/cross_section_fixed_funwake/a0.5_f1.0_d2/Nt50/results.json
cross_section_fixed,tp,a0.5_f1.0_d2,/Users/julianquick/clusters/analysis/cross_section_fixed_tp_funwake/a0.5_f1.0_d2/Nt50/results.json
cross_section_fixed,bast,a0.5_f1.0_d5,/Users/julianquick/clusters/analysis/cross_section_fixed_funwake/a0.5_f1.0_d5/Nt50/results.json
cross_section_fixed,bast,a0.5_f1.0_d10,/Users/julianquick/clusters/analysis/cross_section_fixed_funwake/a0.5_f1.0_d10/Nt50/results.json
cross_section_fixed,tp,a0.5_f1.0_d10,/Users/julianquick/clusters/analysis/cross_section_fixed_tp_funwake/a0.5_f1.0_d10/Nt50/results.json
cross_section_fixed,bast,a0.5_f1.0_d15,/Users/julianquick/clusters/analysis/cross_section_fixed_funwake/a0.5_f1.0_d15/Nt50/results.json
cross_section_fixed,tp,a0.5_f1.0_d15,/Users/julianquick/clusters/analysis/cross_section_fixed_tp_funwake/a0.5_f1.0_d15/Nt50/results.json
cross_section_fixed,bast,a0.5_f1.0_d20,/Users/julianquick/clusters/analysis/cross_section_fixed_funwake/a0.5_f1.0_d20/Nt50/results.json
cross_section_fixed,tp,a0.5_f1.0_d20,/Users/julianquick/clusters/analysis/cross_section_fixed_tp_funwake/a0.5_f1.0_d20/Nt50/results.json
cross_section_fixed,bast,a0.5_f1.0_d30,/Users/julianquick/clusters/analysis/cross_section_fixed_funwake/a0.5_f1.0_d30/Nt50/results.json
cross_section_fixed,tp,a0.5_f1.0_d30,/Users/julianquick/clusters/analysis/cross_section_fixed_tp_funwake/a0.5_f1.0_d30/Nt50/results.json
cross_section_fixed,tp,a0.5_f1.0_d40,/Users/julianquick/clusters/analysis/cross_section_fixed_tp_funwake/a0.5_f1.0_d40/Nt50/results.json
cross_section_fixed,tp,a0.7_f0.5_d2,/Users/julianquick/clusters/analysis/cross_section_fixed_tp_funwake/a0.7_f0.5_d2/Nt50/results.json
cross_section_fixed,bast,a0.7_f0.5_d5,/Users/julianquick/clusters/analysis/cross_section_fixed_funwake/a0.7_f0.5_d5/Nt50/results.json
cross_section_fixed,tp,a0.7_f0.5_d5,/Users/julianquick/clusters/analysis/cross_section_fixed_tp_funwake/a0.7_f0.5_d5/Nt50/results.json
cross_section_fixed,bast,a0.7_f0.5_d10,/Users/julianquick/clusters/analysis/cross_section_fixed_funwake/a0.7_f0.5_d10/Nt50/results.json
cross_section_fixed,tp,a0.7_f0.5_d10,/Users/julianquick/clusters/analysis/cross_section_fixed_tp_funwake/a0.7_f0.5_d10/Nt50/results.json
cross_section_fixed,bast,a0.7_f0.5_d15,/Users/julianquick/clusters/analysis/cross_section_fixed_funwake/a0.7_f0.5_d15/Nt50/results.json
cross_section_fixed,tp,a0.7_f0.5_d15,/Users/julianquick/clusters/analysis/cross_section_fixed_tp_funwake/a0.7_f0.5_d15/Nt50/results.json
cross_section_fixed,bast,a0.7_f0.5_d20,/Users/julianquick/clusters/analysis/cross_section_fixed_funwake/a0.7_f0.5_d20/Nt50/results.json
cross_section_fixed,tp,a0.7_f0.5_d20,/Users/julianquick/clusters/analysis/cross_section_fixed_tp_funwake/a0.7_f0.5_d20/Nt50/results.json
cross_section_fixed,bast,a0.7_f0.5_d30,/Users/julianquick/clusters/analysis/cross_section_fixed_funwake/a0.7_f0.5_d30/Nt50/results.json
cross_section_fixed,tp,a0.7_f0.5_d30,/Users/julianquick/clusters/analysis/cross_section_fixed_tp_funwake/a0.7_f0.5_d30/Nt50/results.json
cross_section_fixed,tp,a0.7_f0.5_d40,/Users/julianquick/clusters/analysis/cross_section_fixed_tp_funwake/a0.7_f0.5_d40/Nt50/results.json
cross_section_fixed,bast,a0.9_f0.0_d2,/Users/julianquick/clusters/analysis/cross_section_fixed_funwake/a0.9_f0.0_d2/Nt50/results.json
cross_section_fixed,tp,a0.9_f0.0_d2,/Users/julianquick/clusters/analysis/cross_section_fixed_tp_funwake/a0.9_f0.0_d2/Nt50/results.json
cross_section_fixed,bast,a0.9_f0.0_d5,/Users/julianquick/clusters/analysis/cross_section_fixed_funwake/a0.9_f0.0_d5/Nt50/results.json
cross_section_fixed,tp,a0.9_f0.0_d5,/Users/julianquick/clusters/analysis/cross_section_fixed_tp_funwake/a0.9_f0.0_d5/Nt50/results.json
cross_section_fixed,bast,a0.9_f0.0_d10,/Users/julianquick/clusters/analysis/cross_section_fixed_funwake/a0.9_f0.0_d10/Nt50/results.json
cross_section_fixed,tp,a0.9_f0.0_d10,/Users/julianquick/clusters/analysis/cross_section_fixed_tp_funwake/a0.9_f0.0_d10/Nt50/results.json
cross_section_fixed,bast,a0.9_f0.0_d15,/Users/julianquick/clusters/analysis/cross_section_fixed_funwake/a0.9_f0.0_d15/Nt50/results.json
cross_section_fixed,tp,a0.9_f0.0_d15,/Users/julianquick/clusters/analysis/cross_section_fixed_tp_funwake/a0.9_f0.0_d15/Nt50/results.json
cross_section_fixed,tp,a0.9_f0.0_d20,/Users/julianquick/clusters/analysis/cross_section_fixed_tp_funwake/a0.9_f0.0_d20/Nt50/results.json
cross_section_fixed,bast,a0.9_f0.0_d30,/Users/julianquick/clusters/analysis/cross_section_fixed_funwake/a0.9_f0.0_d30/Nt50/results.json
cross_section_fixed,tp,a0.9_f0.0_d30,/Users/julianquick/clusters/analysis/cross_section_fixed_tp_funwake/a0.9_f0.0_d30/Nt50/results.json
cross_section_fixed,bast,a0.9_f0.0_d40,/Users/julianquick/clusters/analysis/cross_section_fixed_funwake/a0.9_f0.0_d40/Nt50/results.json
cross_section_fixed,tp,a0.9_f0.0_d40,/Users/julianquick/clusters/analysis/cross_section_fixed_tp_funwake/a0.9_f0.0_d40/Nt50/results.json
cross_section_fixed,tp,a0.9_f1.0_d2,/Users/julianquick/clusters/analysis/cross_section_fixed_tp_funwake/a0.9_f1.0_d2/Nt50/results.json
cross_section_fixed,bast,a0.9_f1.0_d5,/Users/julianquick/clusters/analysis/cross_section_fixed_funwake/a0.9_f1.0_d5/Nt50/results.json
cross_section_fixed,tp,a0.9_f1.0_d5,/Users/julianquick/clusters/analysis/cross_section_fixed_tp_funwake/a0.9_f1.0_d5/Nt50/results.json
cross_section_fixed,tp,a0.9_f1.0_d10,/Users/julianquick/clusters/analysis/cross_section_fixed_tp_funwake/a0.9_f1.0_d10/Nt50/results.json
cross_section_fixed,bast,a0.9_f1.0_d15,/Users/julianquick/clusters/analysis/cross_section_fixed_funwake/a0.9_f1.0_d15/Nt50/results.json
cross_section_fixed,tp,a0.9_f1.0_d15,/Users/julianquick/clusters/analysis/cross_section_fixed_tp_funwake/a0.9_f1.0_d15/Nt50/results.json
cross_section_fixed,bast,a0.9_f1.0_d20,/Users/julianquick/clusters/analysis/cross_section_fixed_funwake/a0.9_f1.0_d20/Nt50/results.json
cross_section_fixed,tp,a0.9_f1.0_d20,/Users/julianquick/clusters/analysis/cross_section_fixed_tp_funwake/a0.9_f1.0_d20/Nt50/results.json
cross_section_fixed,tp,a0.9_f1.0_d30,/Users/julianquick/clusters/analysis/cross_section_fixed_tp_funwake/a0.9_f1.0_d30/Nt50/results.json
cross_section_fixed,bast,a0.9_f1.0_d40,/Users/julianquick/clusters/analysis/cross_section_fixed_funwake/a0.9_f1.0_d40/Nt50/results.json
cross_section_fixed,bast,unidir90_d2,/Users/julianquick/clusters/analysis/cross_section_fixed_funwake/unidir90_d2/Nt50/results.json
cross_section_fixed,tp,unidir90_d2,/Users/julianquick/clusters/analysis/cross_section_fixed_tp_funwake/unidir90_d2/Nt50/results.json
cross_section_fixed,bast,unidir90_d5,/Users/julianquick/clusters/analysis/cross_section_fixed_funwake/unidir90_d5/Nt50/results.json
cross_section_fixed,tp,unidir90_d5,/Users/julianquick/clusters/analysis/cross_section_fixed_tp_funwake/unidir90_d5/Nt50/results.json
cross_section_fixed,bast,unidir90_d10,/Users/julianquick/clusters/analysis/cross_section_fixed_funwake/unidir90_d10/Nt50/results.json
cross_section_fixed,tp,unidir90_d10,/Users/julianquick/clusters/analysis/cross_section_fixed_tp_funwake/unidir90_d10/Nt50/results.json
cross_section_fixed,bast,unidir90_d15,/Users/julianquick/clusters/analysis/cross_section_fixed_funwake/unidir90_d15/Nt50/results.json
cross_section_fixed,tp,unidir90_d15,/Users/julianquick/clusters/analysis/cross_section_fixed_tp_funwake/unidir90_d15/Nt50/results.json
cross_section_fixed,bast,unidir90_d20,/Users/julianquick/clusters/analysis/cross_section_fixed_funwake/unidir90_d20/Nt50/results.json
cross_section_fixed,tp,unidir90_d20,/Users/julianquick/clusters/analysis/cross_section_fixed_tp_funwake/unidir90_d20/Nt50/results.json
cross_section_fixed,bast,unidir90_d30,/Users/julianquick/clusters/analysis/cross_section_fixed_funwake/unidir90_d30/Nt50/results.json
cross_section_fixed,tp,unidir90_d30,/Users/julianquick/clusters/analysis/cross_section_fixed_tp_funwake/unidir90_d30/Nt50/results.json
cross_section_fixed,bast,unidir90_d40,/Users/julianquick/clusters/analysis/cross_section_fixed_funwake/unidir90_d40/Nt50/results.json
cross_section_fixed,tp,unidir90_d40,/Users/julianquick/clusters/analysis/cross_section_fixed_tp_funwake/unidir90_d40/Nt50/results.json
ablation_a_sweep,bast,a0.01_f1.0_d2,/Users/julianquick/clusters/analysis/ablation_a_sweep_funwake/a0.01_f1.0_d2/Nt50/results.json
ablation_a_sweep,tp,a0.01_f1.0_d2,/Users/julianquick/clusters/analysis/ablation_a_sweep_tp_funwake/a0.01_f1.0_d2/Nt50/results.json
ablation_a_sweep,bast,a0.01_f1.0_d10,/Users/julianquick/clusters/analysis/ablation_a_sweep_funwake/a0.01_f1.0_d10/Nt50/results.json
ablation_a_sweep,tp,a0.01_f1.0_d10,/Users/julianquick/clusters/analysis/ablation_a_sweep_tp_funwake/a0.01_f1.0_d10/Nt50/results.json
ablation_a_sweep,bast,a0.02_f1.0_d2,/Users/julianquick/clusters/analysis/ablation_a_sweep_funwake/a0.02_f1.0_d2/Nt50/results.json
ablation_a_sweep,bast,a0.02_f1.0_d10,/Users/julianquick/clusters/analysis/ablation_a_sweep_funwake/a0.02_f1.0_d10/Nt50/results.json
ablation_a_sweep,tp,a0.02_f1.0_d10,/Users/julianquick/clusters/analysis/ablation_a_sweep_tp_funwake/a0.02_f1.0_d10/Nt50/results.json
ablation_a_sweep,bast,a0.03_f1.0_d2,/Users/julianquick/clusters/analysis/ablation_a_sweep_funwake/a0.03_f1.0_d2/Nt50/results.json
ablation_a_sweep,tp,a0.03_f1.0_d2,/Users/julianquick/clusters/analysis/ablation_a_sweep_tp_funwake/a0.03_f1.0_d2/Nt50/results.json
ablation_a_sweep,bast,a0.03_f1.0_d10,/Users/julianquick/clusters/analysis/ablation_a_sweep_funwake/a0.03_f1.0_d10/Nt50/results.json
ablation_a_sweep,tp,a0.03_f1.0_d10,/Users/julianquick/clusters/analysis/ablation_a_sweep_tp_funwake/a0.03_f1.0_d10/Nt50/results.json
ablation_a_sweep,bast,a0.04_f1.0_d2,/Users/julianquick/clusters/analysis/ablation_a_sweep_funwake/a0.04_f1.0_d2/Nt50/results.json
ablation_a_sweep,bast,a0.04_f1.0_d10,/Users/julianquick/clusters/analysis/ablation_a_sweep_funwake/a0.04_f1.0_d10/Nt50/results.json
ablation_a_sweep,tp,a0.04_f1.0_d10,/Users/julianquick/clusters/analysis/ablation_a_sweep_tp_funwake/a0.04_f1.0_d10/Nt50/results.json
ablation_a_sweep,bast,a0.05_f1.0_d2,/Users/julianquick/clusters/analysis/ablation_a_sweep_funwake/a0.05_f1.0_d2/Nt50/results.json
ablation_a_sweep,tp,a0.05_f1.0_d2,/Users/julianquick/clusters/analysis/ablation_a_sweep_tp_funwake/a0.05_f1.0_d2/Nt50/results.json
ablation_a_sweep,bast,a0.05_f1.0_d10,/Users/julianquick/clusters/analysis/ablation_a_sweep_funwake/a0.05_f1.0_d10/Nt50/results.json
ablation_a_sweep,tp,a0.05_f1.0_d10,/Users/julianquick/clusters/analysis/ablation_a_sweep_tp_funwake/a0.05_f1.0_d10/Nt50/results.json
ablation_a_sweep,bast,a0.1_f1.0_d2,/Users/julianquick/clusters/analysis/ablation_a_sweep_funwake/a0.1_f1.0_d2/Nt50/results.json
ablation_a_sweep,tp,a0.1_f1.0_d2,/Users/julianquick/clusters/analysis/ablation_a_sweep_tp_funwake/a0.1_f1.0_d2/Nt50/results.json
ablation_a_sweep,bast,a0.1_f1.0_d10,/Users/julianquick/clusters/analysis/ablation_a_sweep_funwake/a0.1_f1.0_d10/Nt50/results.json
ablation_a_sweep,tp,a0.1_f1.0_d10,/Users/julianquick/clusters/analysis/ablation_a_sweep_tp_funwake/a0.1_f1.0_d10/Nt50/results.json
ablation_a_sweep,bast,a0.15_f1.0_d2,/Users/julianquick/clusters/analysis/ablation_a_sweep_funwake/a0.15_f1.0_d2/Nt50/results.json
ablation_a_sweep,tp,a0.15_f1.0_d2,/Users/julianquick/clusters/analysis/ablation_a_sweep_tp_funwake/a0.15_f1.0_d2/Nt50/results.json
ablation_a_sweep,bast,a0.15_f1.0_d10,/Users/julianquick/clusters/analysis/ablation_a_sweep_funwake/a0.15_f1.0_d10/Nt50/results.json
ablation_a_sweep,bast,a0.2_f1.0_d2,/Users/julianquick/clusters/analysis/ablation_a_sweep_funwake/a0.2_f1.0_d2/Nt50/results.json
ablation_a_sweep,tp,a0.2_f1.0_d2,/Users/julianquick/clusters/analysis/ablation_a_sweep_tp_funwake/a0.2_f1.0_d2/Nt50/results.json
ablation_a_sweep,bast,a0.2_f1.0_d10,/Users/julianquick/clusters/analysis/ablation_a_sweep_funwake/a0.2_f1.0_d10/Nt50/results.json
ablation_a_sweep,tp,a0.2_f1.0_d10,/Users/julianquick/clusters/analysis/ablation_a_sweep_tp_funwake/a0.2_f1.0_d10/Nt50/results.json
ablation_a_sweep,bast,a0.25_f1.0_d2,/Users/julianquick/clusters/analysis/ablation_a_sweep_funwake/a0.25_f1.0_d2/Nt50/results.json
ablation_a_sweep,tp,a0.25_f1.0_d2,/Users/julianquick/clusters/analysis/ablation_a_sweep_tp_funwake/a0.25_f1.0_d2/Nt50/results.json
ablation_a_sweep,bast,a0.25_f1.0_d10,/Users/julianquick/clusters/analysis/ablation_a_sweep_funwake/a0.25_f1.0_d10/Nt50/results.json
ablation_a_sweep,tp,a0.25_f1.0_d10,/Users/julianquick/clusters/analysis/ablation_a_sweep_tp_funwake/a0.25_f1.0_d10/Nt50/results.json
ablation_a_sweep,bast,a0.3_f1.0_d2,/Users/julianquick/clusters/analysis/ablation_a_sweep_funwake/a0.3_f1.0_d2/Nt50/results.json
ablation_a_sweep,bast,a0.3_f1.0_d10,/Users/julianquick/clusters/analysis/ablation_a_sweep_funwake/a0.3_f1.0_d10/Nt50/results.json
ablation_a_sweep,tp,a0.3_f1.0_d10,/Users/julianquick/clusters/analysis/ablation_a_sweep_tp_funwake/a0.3_f1.0_d10/Nt50/results.json
ablation_a_sweep,bast,a0.4_f1.0_d2,/Users/julianquick/clusters/analysis/ablation_a_sweep_funwake/a0.4_f1.0_d2/Nt50/results.json
ablation_a_sweep,tp,a0.4_f1.0_d2,/Users/julianquick/clusters/analysis/ablation_a_sweep_tp_funwake/a0.4_f1.0_d2/Nt50/results.json
ablation_a_sweep,bast,a0.4_f1.0_d10,/Users/julianquick/clusters/analysis/ablation_a_sweep_funwake/a0.4_f1.0_d10/Nt50/results.json
ablation_a_sweep,tp,a0.4_f1.0_d10,/Users/julianquick/clusters/analysis/ablation_a_sweep_tp_funwake/a0.4_f1.0_d10/Nt50/results.json
ablation_a_sweep,bast,a0.5_f1.0_d2,/Users/julianquick/clusters/analysis/ablation_a_sweep_funwake/a0.5_f1.0_d2/Nt50/results.json
ablation_a_sweep,tp,a0.5_f1.0_d2,/Users/julianquick/clusters/analysis/ablation_a_sweep_tp_funwake/a0.5_f1.0_d2/Nt50/results.json
ablation_a_sweep,bast,a0.5_f1.0_d10,/Users/julianquick/clusters/analysis/ablation_a_sweep_funwake/a0.5_f1.0_d10/Nt50/results.json
ablation_a_sweep,tp,a0.5_f1.0_d10,/Users/julianquick/clusters/analysis/ablation_a_sweep_tp_funwake/a0.5_f1.0_d10/Nt50/results.json
ablation_a_sweep,bast,a0.6_f1.0_d2,/Users/julianquick/clusters/analysis/ablation_a_sweep_funwake/a0.6_f1.0_d2/Nt50/results.json
ablation_a_sweep,tp,a0.6_f1.0_d2,/Users/julianquick/clusters/analysis/ablation_a_sweep_tp_funwake/a0.6_f1.0_d2/Nt50/results.json
ablation_a_sweep,tp,a0.7_f1.0_d2,/Users/julianquick/clusters/analysis/ablation_a_sweep_tp_funwake/a0.7_f1.0_d2/Nt50/results.json
ablation_a_sweep,bast,a0.7_f1.0_d10,/Users/julianquick/clusters/analysis/ablation_a_sweep_funwake/a0.7_f1.0_d10/Nt50/results.json
ablation_a_sweep,tp,a0.7_f1.0_d10,/Users/julianquick/clusters/analysis/ablation_a_sweep_tp_funwake/a0.7_f1.0_d10/Nt50/results.json
ablation_a_sweep,bast,a0.8_f1.0_d2,/Users/julianquick/clusters/analysis/ablation_a_sweep_funwake/a0.8_f1.0_d2/Nt50/results.json
ablation_a_sweep,tp,a0.8_f1.0_d2,/Users/julianquick/clusters/analysis/ablation_a_sweep_tp_funwake/a0.8_f1.0_d2/Nt50/results.json
ablation_a_sweep,bast,a0.8_f1.0_d10,/Users/julianquick/clusters/analysis/ablation_a_sweep_funwake/a0.8_f1.0_d10/Nt50/results.json
ablation_a_sweep,bast,a0.9_f1.0_d2,/Users/julianquick/clusters/analysis/ablation_a_sweep_funwake/a0.9_f1.0_d2/Nt50/results.json
ablation_a_sweep,tp,a0.9_f1.0_d2,/Users/julianquick/clusters/analysis/ablation_a_sweep_tp_funwake/a0.9_f1.0_d2/Nt50/results.json
ablation_a_sweep,bast,a0.9_f1.0_d10,/Users/julianquick/clusters/analysis/ablation_a_sweep_funwake/a0.9_f1.0_d10/Nt50/results.json
ablation_a_sweep,tp,a0.9_f1.0_d10,/Users/julianquick/clusters/analysis/ablation_a_sweep_tp_funwake/a0.9_f1.0_d10/Nt50/results.json
ablation_a_sweep,tp,a0.95_f1.0_d2,/Users/julianquick/clusters/analysis/ablation_a_sweep_tp_funwake/a0.95_f1.0_d2/Nt50/results.json
ablation_a_sweep,bast,a0.95_f1.0_d10,/Users/julianquick/clusters/analysis/ablation_a_sweep_funwake/a0.95_f1.0_d10/Nt50/results.json
ablation_a_sweep,tp,a0.95_f1.0_d10,/Users/julianquick/clusters/analysis/ablation_a_sweep_tp_funwake/a0.95_f1.0_d10/Nt50/results.json
ablation_a_sweep,bast,a0.98_f1.0_d2,/Users/julianquick/clusters/analysis/ablation_a_sweep_funwake/a0.98_f1.0_d2/Nt50/results.json
ablation_a_sweep,tp,a0.98_f1.0_d2,/Users/julianquick/clusters/analysis/ablation_a_sweep_tp_funwake/a0.98_f1.0_d2/Nt50/results.json
ablation_a_sweep,tp,a0.98_f1.0_d10,/Users/julianquick/clusters/analysis/ablation_a_sweep_tp_funwake/a0.98_f1.0_d10/Nt50/results.json
ablation_a_sweep,bast,a0.99_f1.0_d2,/Users/julianquick/clusters/analysis/ablation_a_sweep_funwake/a0.99_f1.0_d2/Nt50/results.json
ablation_a_sweep,tp,a0.99_f1.0_d2,/Users/julianquick/clusters/analysis/ablation_a_sweep_tp_funwake/a0.99_f1.0_d2/Nt50/results.json
ablation_a_sweep,bast,a0.99_f1.0_d10,/Users/julianquick/clusters/analysis/ablation_a_sweep_funwake/a0.99_f1.0_d10/Nt50/results.json
ablation_a_sweep,tp,a0.99_f1.0_d10,/Users/julianquick/clusters/analysis/ablation_a_sweep_tp_funwake/a0.99_f1.0_d10/Nt50/results.json
ablation_a_sweep,bast,a1.0_f1.0_d2,/Users/julianquick/clusters/analysis/ablation_a_sweep_funwake/a1.0_f1.0_d2/Nt50/results.json
ablation_a_sweep,tp,a1.0_f1.0_d2,/Users/julianquick/clusters/analysis/ablation_a_sweep_tp_funwake/a1.0_f1.0_d2/Nt50/results.json
ablation_a_sweep,bast,a1.0_f1.0_d10,/Users/julianquick/clusters/analysis/ablation_a_sweep_funwake/a1.0_f1.0_d10/Nt50/results.json
ablation_a_sweep,tp,a1.0_f1.0_d10,/Users/julianquick/clusters/analysis/ablation_a_sweep_tp_funwake/a1.0_f1.0_d10/Nt50/results.json
ablation_a_sweep,bast,a1.5_f1.0_d2,/Users/julianquick/clusters/analysis/ablation_a_sweep_funwake/a1.5_f1.0_d2/Nt50/results.json
ablation_a_sweep,bast,a1.5_f1.0_d10,/Users/julianquick/clusters/analysis/ablation_a_sweep_funwake/a1.5_f1.0_d10/Nt50/results.json
ablation_a_sweep,tp,a1.5_f1.0_d10,/Users/julianquick/clusters/analysis/ablation_a_sweep_tp_funwake/a1.5_f1.0_d10/Nt50/results.json
ablation_a_sweep,bast,a2.0_f1.0_d2,/Users/julianquick/clusters/analysis/ablation_a_sweep_funwake/a2.0_f1.0_d2/Nt50/results.json
ablation_a_sweep,tp,a2.0_f1.0_d2,/Users/julianquick/clusters/analysis/ablation_a_sweep_tp_funwake/a2.0_f1.0_d2/Nt50/results.json
ablation_a_sweep,bast,a2.0_f1.0_d10,/Users/julianquick/clusters/analysis/ablation_a_sweep_funwake/a2.0_f1.0_d10/Nt50/results.json
ablation_a_sweep,tp,a2.0_f1.0_d10,/Users/julianquick/clusters/analysis/ablation_a_sweep_tp_funwake/a2.0_f1.0_d10/Nt50/results.json
ablation_a_sweep,bast,a3.0_f1.0_d2,/Users/julianquick/clusters/analysis/ablation_a_sweep_funwake/a3.0_f1.0_d2/Nt50/results.json
ablation_a_sweep,tp,a3.0_f1.0_d2,/Users/julianquick/clusters/analysis/ablation_a_sweep_tp_funwake/a3.0_f1.0_d2/Nt50/results.json
ablation_a_sweep,bast,a3.0_f1.0_d10,/Users/julianquick/clusters/analysis/ablation_a_sweep_funwake/a3.0_f1.0_d10/Nt50/results.json
ablation_a_sweep,tp,a3.0_f1.0_d10,/Users/julianquick/clusters/analysis/ablation_a_sweep_tp_funwake/a3.0_f1.0_d10/Nt50/results.json
ablation_a_sweep,bast,a5.0_f1.0_d2,/Users/julianquick/clusters/analysis/ablation_a_sweep_funwake/a5.0_f1.0_d2/Nt50/results.json
ablation_a_sweep,tp,a5.0_f1.0_d2,/Users/julianquick/clusters/analysis/ablation_a_sweep_tp_funwake/a5.0_f1.0_d2/Nt50/results.json
ablation_a_sweep,bast,a5.0_f1.0_d10,/Users/julianquick/clusters/analysis/ablation_a_sweep_funwake/a5.0_f1.0_d10/Nt50/results.json
ablation_a_sweep,tp,a5.0_f1.0_d10,/Users/julianquick/clusters/analysis/ablation_a_sweep_tp_funwake/a5.0_f1.0_d10/Nt50/results.json
ablation_f_sweep,bast,a0.9_f0.0_d2,/Users/julianquick/clusters/analysis/ablation_f_sweep_funwake/a0.9_f0.0_d2/Nt50/results.json
ablation_f_sweep,tp,a0.9_f0.0_d2,/Users/julianquick/clusters/analysis/ablation_f_sweep_tp_funwake/a0.9_f0.0_d2/Nt50/results.json
ablation_f_sweep,bast,a0.9_f0.05_d2,/Users/julianquick/clusters/analysis/ablation_f_sweep_funwake/a0.9_f0.05_d2/Nt50/results.json
ablation_f_sweep,tp,a0.9_f0.05_d2,/Users/julianquick/clusters/analysis/ablation_f_sweep_tp_funwake/a0.9_f0.05_d2/Nt50/results.json
ablation_f_sweep,tp,a0.9_f0.1_d2,/Users/julianquick/clusters/analysis/ablation_f_sweep_tp_funwake/a0.9_f0.1_d2/Nt50/results.json
ablation_f_sweep,bast,a0.9_f0.15_d2,/Users/julianquick/clusters/analysis/ablation_f_sweep_funwake/a0.9_f0.15_d2/Nt50/results.json
ablation_f_sweep,tp,a0.9_f0.15_d2,/Users/julianquick/clusters/analysis/ablation_f_sweep_tp_funwake/a0.9_f0.15_d2/Nt50/results.json
ablation_f_sweep,bast,a0.9_f0.2_d2,/Users/julianquick/clusters/analysis/ablation_f_sweep_funwake/a0.9_f0.2_d2/Nt50/results.json
ablation_f_sweep,tp,a0.9_f0.2_d2,/Users/julianquick/clusters/analysis/ablation_f_sweep_tp_funwake/a0.9_f0.2_d2/Nt50/results.json
ablation_f_sweep,bast,a0.9_f0.25_d2,/Users/julianquick/clusters/analysis/ablation_f_sweep_funwake/a0.9_f0.25_d2/Nt50/results.json
ablation_f_sweep,tp,a0.9_f0.25_d2,/Users/julianquick/clusters/analysis/ablation_f_sweep_tp_funwake/a0.9_f0.25_d2/Nt50/results.json
ablation_f_sweep,bast,a0.9_f0.3_d2,/Users/julianquick/clusters/analysis/ablation_f_sweep_funwake/a0.9_f0.3_d2/Nt50/results.json
ablation_f_sweep,tp,a0.9_f0.3_d2,/Users/julianquick/clusters/analysis/ablation_f_sweep_tp_funwake/a0.9_f0.3_d2/Nt50/results.json
ablation_f_sweep,bast,a0.9_f0.35_d2,/Users/julianquick/clusters/analysis/ablation_f_sweep_funwake/a0.9_f0.35_d2/Nt50/results.json
ablation_f_sweep,tp,a0.9_f0.35_d2,/Users/julianquick/clusters/analysis/ablation_f_sweep_tp_funwake/a0.9_f0.35_d2/Nt50/results.json
ablation_f_sweep,bast,a0.9_f0.4_d2,/Users/julianquick/clusters/analysis/ablation_f_sweep_funwake/a0.9_f0.4_d2/Nt50/results.json
ablation_f_sweep,tp,a0.9_f0.4_d2,/Users/julianquick/clusters/analysis/ablation_f_sweep_tp_funwake/a0.9_f0.4_d2/Nt50/results.json
ablation_f_sweep,bast,a0.9_f0.45_d2,/Users/julianquick/clusters/analysis/ablation_f_sweep_funwake/a0.9_f0.45_d2/Nt50/results.json
ablation_f_sweep,tp,a0.9_f0.45_d2,/Users/julianquick/clusters/analysis/ablation_f_sweep_tp_funwake/a0.9_f0.45_d2/Nt50/results.json
ablation_f_sweep,tp,a0.9_f0.5_d2,/Users/julianquick/clusters/analysis/ablation_f_sweep_tp_funwake/a0.9_f0.5_d2/Nt50/results.json
ablation_f_sweep,tp,a0.9_f0.55_d2,/Users/julianquick/clusters/analysis/ablation_f_sweep_tp_funwake/a0.9_f0.55_d2/Nt50/results.json
ablation_f_sweep,bast,a0.9_f0.6_d2,/Users/julianquick/clusters/analysis/ablation_f_sweep_funwake/a0.9_f0.6_d2/Nt50/results.json
ablation_f_sweep,tp,a0.9_f0.6_d2,/Users/julianquick/clusters/analysis/ablation_f_sweep_tp_funwake/a0.9_f0.6_d2/Nt50/results.json
ablation_f_sweep,bast,a0.9_f0.65_d2,/Users/julianquick/clusters/analysis/ablation_f_sweep_funwake/a0.9_f0.65_d2/Nt50/results.json
ablation_f_sweep,tp,a0.9_f0.65_d2,/Users/julianquick/clusters/analysis/ablation_f_sweep_tp_funwake/a0.9_f0.65_d2/Nt50/results.json
ablation_f_sweep,bast,a0.9_f0.7_d2,/Users/julianquick/clusters/analysis/ablation_f_sweep_funwake/a0.9_f0.7_d2/Nt50/results.json
ablation_f_sweep,tp,a0.9_f0.7_d2,/Users/julianquick/clusters/analysis/ablation_f_sweep_tp_funwake/a0.9_f0.7_d2/Nt50/results.json
ablation_f_sweep,bast,a0.9_f0.75_d2,/Users/julianquick/clusters/analysis/ablation_f_sweep_funwake/a0.9_f0.75_d2/Nt50/results.json
ablation_f_sweep,tp,a0.9_f0.75_d2,/Users/julianquick/clusters/analysis/ablation_f_sweep_tp_funwake/a0.9_f0.75_d2/Nt50/results.json
ablation_f_sweep,bast,a0.9_f0.8_d2,/Users/julianquick/clusters/analysis/ablation_f_sweep_funwake/a0.9_f0.8_d2/Nt50/results.json
ablation_f_sweep,tp,a0.9_f0.8_d2,/Users/julianquick/clusters/analysis/ablation_f_sweep_tp_funwake/a0.9_f0.8_d2/Nt50/results.json
ablation_f_sweep,bast,a0.9_f0.85_d2,/Users/julianquick/clusters/analysis/ablation_f_sweep_funwake/a0.9_f0.85_d2/Nt50/results.json
ablation_f_sweep,tp,a0.9_f0.85_d2,/Users/julianquick/clusters/analysis/ablation_f_sweep_tp_funwake/a0.9_f0.85_d2/Nt50/results.json
ablation_f_sweep,bast,a0.9_f0.9_d2,/Users/julianquick/clusters/analysis/ablation_f_sweep_funwake/a0.9_f0.9_d2/Nt50/results.json
ablation_f_sweep,tp,a0.9_f0.9_d2,/Users/julianquick/clusters/analysis/ablation_f_sweep_tp_funwake/a0.9_f0.9_d2/Nt50/results.json
ablation_f_sweep,bast,a0.9_f0.95_d2,/Users/julianquick/clusters/analysis/ablation_f_sweep_funwake/a0.9_f0.95_d2/Nt50/results.json
ablation_f_sweep,tp,a0.9_f0.95_d2,/Users/julianquick/clusters/analysis/ablation_f_sweep_tp_funwake/a0.9_f0.95_d2/Nt50/results.json
ablation_f_sweep,bast,a0.9_f1.0_d2,/Users/julianquick/clusters/analysis/ablation_f_sweep_funwake/a0.9_f1.0_d2/Nt50/results.json
ablation_f_sweep,tp,a0.9_f1.0_d2,/Users/julianquick/clusters/analysis/ablation_f_sweep_tp_funwake/a0.9_f1.0_d2/Nt50/results.json
ablation_f_sweep,bast,a0.9_f1.1_d2,/Users/julianquick/clusters/analysis/ablation_f_sweep_funwake/a0.9_f1.1_d2/Nt50/results.json
ablation_f_sweep,tp,a0.9_f1.1_d2,/Users/julianquick/clusters/analysis/ablation_f_sweep_tp_funwake/a0.9_f1.1_d2/Nt50/results.json
ablation_f_sweep,bast,a0.9_f1.25_d2,/Users/julianquick/clusters/analysis/ablation_f_sweep_funwake/a0.9_f1.25_d2/Nt50/results.json
ablation_f_sweep,tp,a0.9_f1.25_d2,/Users/julianquick/clusters/analysis/ablation_f_sweep_tp_funwake/a0.9_f1.25_d2/Nt50/results.json
ablation_f_sweep,bast,a0.9_f1.5_d2,/Users/julianquick/clusters/analysis/ablation_f_sweep_funwake/a0.9_f1.5_d2/Nt50/results.json
ablation_f_sweep,tp,a0.9_f1.5_d2,/Users/julianquick/clusters/analysis/ablation_f_sweep_tp_funwake/a0.9_f1.5_d2/Nt50/results.json
mixture_explore,bast,bidir_270_90_d2,/Users/julianquick/clusters/analysis/mixture_explore_funwake/bidir_270_90_d2/Nt50/results.json
mixture_explore,tp,bidir_270_90_d2,/Users/julianquick/clusters/analysis/mixture_explore_tp_funwake/bidir_270_90_d2/Nt50/results.json
mixture_explore,tp,bidir_270_90_d20,/Users/julianquick/clusters/analysis/mixture_explore_tp_funwake/bidir_270_90_d20/Nt50/results.json
mixture_explore,bast,ortho_270_180_d2,/Users/julianquick/clusters/analysis/mixture_explore_funwake/ortho_270_180_d2/Nt50/results.json
mixture_explore,tp,ortho_270_180_d2,/Users/julianquick/clusters/analysis/mixture_explore_tp_funwake/ortho_270_180_d2/Nt50/results.json
mixture_explore,bast,ortho_270_180_d20,/Users/julianquick/clusters/analysis/mixture_explore_funwake/ortho_270_180_d20/Nt50/results.json
mixture_explore,bast,wind_strong_weak_d2,/Users/julianquick/clusters/analysis/mixture_explore_funwake/wind_strong_weak_d2/Nt50/results.json
mixture_explore,tp,wind_strong_weak_d2,/Users/julianquick/clusters/analysis/mixture_explore_tp_funwake/wind_strong_weak_d2/Nt50/results.json
mixture_explore,bast,tri_270_180_90_d2,/Users/julianquick/clusters/analysis/mixture_explore_funwake/tri_270_180_90_d2/Nt50/results.json
mixture_explore,tp,tri_270_180_90_d2,/Users/julianquick/clusters/analysis/mixture_explore_tp_funwake/tri_270_180_90_d2/Nt50/results.json
mixture_explore,bast,tri_270_180_90_d20,/Users/julianquick/clusters/analysis/mixture_explore_funwake/tri_270_180_90_d20/Nt50/results.json
mixture_explore,tp,tri_270_180_90_d20,/Users/julianquick/clusters/analysis/mixture_explore_tp_funwake/tri_270_180_90_d20/Nt50/results.json
mixture_explore,bast,broad_two_modes_d2,/Users/julianquick/clusters/analysis/mixture_explore_funwake/broad_two_modes_d2/Nt50/results.json
mixture_explore,tp,broad_two_modes_d2,/Users/julianquick/clusters/analysis/mixture_explore_tp_funwake/broad_two_modes_d2/Nt50/results.json
mixture_explore,bast,broad_two_modes_d20,/Users/julianquick/clusters/analysis/mixture_explore_funwake/broad_two_modes_d20/Nt50/results.json
mixture_explore,tp,broad_two_modes_d20,/Users/julianquick/clusters/analysis/mixture_explore_tp_funwake/broad_two_modes_d20/Nt50/results.json
mixture_explore,bast,narrow_two_modes_d2,/Users/julianquick/clusters/analysis/mixture_explore_funwake/narrow_two_modes_d2/Nt50/results.json
mixture_explore,tp,narrow_two_modes_d2,/Users/julianquick/clusters/analysis/mixture_explore_tp_funwake/narrow_two_modes_d2/Nt50/results.json
mixture_explore,bast,narrow_two_modes_d20,/Users/julianquick/clusters/analysis/mixture_explore_funwake/narrow_two_modes_d20/Nt50/results.json
mixture_explore,bast,asym_three_quart_d2,/Users/julianquick/clusters/analysis/mixture_explore_funwake/asym_three_quart_d2/Nt50/results.json
mixture_explore,tp,asym_three_quart_d2,/Users/julianquick/clusters/analysis/mixture_explore_tp_funwake/asym_three_quart_d2/Nt50/results.json
mixture_explore,tp,asym_three_quart_d20,/Users/julianquick/clusters/analysis/mixture_explore_tp_funwake/asym_three_quart_d20/Nt50/results.json
mixture_explore,bast,north_sea_like_d2,/Users/julianquick/clusters/analysis/mixture_explore_funwake/north_sea_like_d2/Nt50/results.json
mixture_explore,tp,north_sea_like_d2,/Users/julianquick/clusters/analysis/mixture_explore_tp_funwake/north_sea_like_d2/Nt50/results.json
mixture_explore,bast,north_sea_like_d20,/Users/julianquick/clusters/analysis/mixture_explore_funwake/north_sea_like_d20/Nt50/results.json
n_target_sweep,tp,dei_N25_d2,/Users/julianquick/clusters/analysis/n_target_sweep_tp_funwake/dei_N25_d2/Nt25/results.json
n_target_sweep,bast,dei_N25_d10,/Users/julianquick/clusters/analysis/n_target_sweep_funwake/dei_N25_d10/Nt25/results.json
n_target_sweep,tp,dei_N25_d10,/Users/julianquick/clusters/analysis/n_target_sweep_tp_funwake/dei_N25_d10/Nt25/results.json
n_target_sweep,bast,dei_N25_d20,/Users/julianquick/clusters/analysis/n_target_sweep_funwake/dei_N25_d20/Nt25/results.json
n_target_sweep,tp,dei_N25_d20,/Users/julianquick/clusters/analysis/n_target_sweep_tp_funwake/dei_N25_d20/Nt25/results.json
n_target_sweep,bast,dei_N25_d40,/Users/julianquick/clusters/analysis/n_target_sweep_funwake/dei_N25_d40/Nt25/results.json
n_target_sweep,tp,dei_N25_d40,/Users/julianquick/clusters/analysis/n_target_sweep_tp_funwake/dei_N25_d40/Nt25/results.json
n_target_sweep,bast,dei_N50_d2,/Users/julianquick/clusters/analysis/n_target_sweep_funwake/dei_N50_d2/Nt50/results.json
n_target_sweep,tp,dei_N50_d2,/Users/julianquick/clusters/analysis/n_target_sweep_tp_funwake/dei_N50_d2/Nt50/results.json
n_target_sweep,tp,dei_N50_d10,/Users/julianquick/clusters/analysis/n_target_sweep_tp_funwake/dei_N50_d10/Nt50/results.json
n_target_sweep,bast,dei_N50_d20,/Users/julianquick/clusters/analysis/n_target_sweep_funwake/dei_N50_d20/Nt50/results.json
n_target_sweep,tp,dei_N50_d20,/Users/julianquick/clusters/analysis/n_target_sweep_tp_funwake/dei_N50_d20/Nt50/results.json
n_target_sweep,bast,dei_N50_d40,/Users/julianquick/clusters/analysis/n_target_sweep_funwake/dei_N50_d40/Nt50/results.json
n_target_sweep,tp,dei_N50_d40,/Users/julianquick/clusters/analysis/n_target_sweep_tp_funwake/dei_N50_d40/Nt50/results.json
n_target_sweep,bast,dei_N75_d2,/Users/julianquick/clusters/analysis/n_target_sweep_funwake/dei_N75_d2/Nt75/results.json
n_target_sweep,tp,dei_N75_d2,/Users/julianquick/clusters/analysis/n_target_sweep_tp_funwake/dei_N75_d2/Nt75/results.json
n_target_sweep,bast,dei_N75_d10,/Users/julianquick/clusters/analysis/n_target_sweep_funwake/dei_N75_d10/Nt75/results.json
n_target_sweep,tp,dei_N75_d10,/Users/julianquick/clusters/analysis/n_target_sweep_tp_funwake/dei_N75_d10/Nt75/results.json
n_target_sweep,bast,dei_N75_d20,/Users/julianquick/clusters/analysis/n_target_sweep_funwake/dei_N75_d20/Nt75/results.json
n_target_sweep,tp,dei_N75_d20,/Users/julianquick/clusters/analysis/n_target_sweep_tp_funwake/dei_N75_d20/Nt75/results.json
n_target_sweep,bast,dei_N75_d40,/Users/julianquick/clusters/analysis/n_target_sweep_funwake/dei_N75_d40/Nt75/results.json
n_target_sweep,tp,dei_N75_d40,/Users/julianquick/clusters/analysis/n_target_sweep_tp_funwake/dei_N75_d40/Nt75/results.json
n_target_sweep,bast,dei_N100_d2,/Users/julianquick/clusters/analysis/n_target_sweep_funwake/dei_N100_d2/Nt100/results.json
n_target_sweep,tp,dei_N100_d2,/Users/julianquick/clusters/analysis/n_target_sweep_tp_funwake/dei_N100_d2/Nt100/results.json
n_target_sweep,bast,dei_N100_d10,/Users/julianquick/clusters/analysis/n_target_sweep_funwake/dei_N100_d10/Nt100/results.json
n_target_sweep,tp,dei_N100_d10,/Users/julianquick/clusters/analysis/n_target_sweep_tp_funwake/dei_N100_d10/Nt100/results.json
n_target_sweep,bast,dei_N100_d20,/Users/julianquick/clusters/analysis/n_target_sweep_funwake/dei_N100_d20/Nt100/results.json
n_target_sweep,tp,dei_N100_d20,/Users/julianquick/clusters/analysis/n_target_sweep_tp_funwake/dei_N100_d20/Nt100/results.json
n_target_sweep,bast,dei_N100_d40,/Users/julianquick/clusters/analysis/n_target_sweep_funwake/dei_N100_d40/Nt100/results.json
n_target_sweep,tp,dei_N100_d40,/Users/julianquick/clusters/analysis/n_target_sweep_tp_funwake/dei_N100_d40/Nt100/results.json
n_target_sweep,tp,a0.9_f1.0_N25_d2,/Users/julianquick/clusters/analysis/n_target_sweep_tp_funwake/a0.9_f1.0_N25_d2/Nt25/results.json
n_target_sweep,bast,a0.9_f1.0_N25_d10,/Users/julianquick/clusters/analysis/n_target_sweep_funwake/a0.9_f1.0_N25_d10/Nt25/results.json
n_target_sweep,tp,a0.9_f1.0_N25_d10,/Users/julianquick/clusters/analysis/n_target_sweep_tp_funwake/a0.9_f1.0_N25_d10/Nt25/results.json
n_target_sweep,bast,a0.9_f1.0_N25_d20,/Users/julianquick/clusters/analysis/n_target_sweep_funwake/a0.9_f1.0_N25_d20/Nt25/results.json
n_target_sweep,tp,a0.9_f1.0_N25_d20,/Users/julianquick/clusters/analysis/n_target_sweep_tp_funwake/a0.9_f1.0_N25_d20/Nt25/results.json
n_target_sweep,bast,a0.9_f1.0_N25_d40,/Users/julianquick/clusters/analysis/n_target_sweep_funwake/a0.9_f1.0_N25_d40/Nt25/results.json
n_target_sweep,tp,a0.9_f1.0_N25_d40,/Users/julianquick/clusters/analysis/n_target_sweep_tp_funwake/a0.9_f1.0_N25_d40/Nt25/results.json
n_target_sweep,bast,a0.9_f1.0_N50_d2,/Users/julianquick/clusters/analysis/n_target_sweep_funwake/a0.9_f1.0_N50_d2/Nt50/results.json
n_target_sweep,tp,a0.9_f1.0_N50_d2,/Users/julianquick/clusters/analysis/n_target_sweep_tp_funwake/a0.9_f1.0_N50_d2/Nt50/results.json
n_target_sweep,bast,a0.9_f1.0_N50_d10,/Users/julianquick/clusters/analysis/n_target_sweep_funwake/a0.9_f1.0_N50_d10/Nt50/results.json
n_target_sweep,tp,a0.9_f1.0_N50_d10,/Users/julianquick/clusters/analysis/n_target_sweep_tp_funwake/a0.9_f1.0_N50_d10/Nt50/results.json
n_target_sweep,bast,a0.9_f1.0_N50_d20,/Users/julianquick/clusters/analysis/n_target_sweep_funwake/a0.9_f1.0_N50_d20/Nt50/results.json
n_target_sweep,tp,a0.9_f1.0_N50_d20,/Users/julianquick/clusters/analysis/n_target_sweep_tp_funwake/a0.9_f1.0_N50_d20/Nt50/results.json
n_target_sweep,tp,a0.9_f1.0_N50_d40,/Users/julianquick/clusters/analysis/n_target_sweep_tp_funwake/a0.9_f1.0_N50_d40/Nt50/results.json
n_target_sweep,bast,a0.9_f1.0_N75_d2,/Users/julianquick/clusters/analysis/n_target_sweep_funwake/a0.9_f1.0_N75_d2/Nt75/results.json
n_target_sweep,tp,a0.9_f1.0_N75_d2,/Users/julianquick/clusters/analysis/n_target_sweep_tp_funwake/a0.9_f1.0_N75_d2/Nt75/results.json
n_target_sweep,bast,a0.9_f1.0_N75_d10,/Users/julianquick/clusters/analysis/n_target_sweep_funwake/a0.9_f1.0_N75_d10/Nt75/results.json
n_target_sweep,tp,a0.9_f1.0_N75_d10,/Users/julianquick/clusters/analysis/n_target_sweep_tp_funwake/a0.9_f1.0_N75_d10/Nt75/results.json
n_target_sweep,bast,a0.9_f1.0_N75_d20,/Users/julianquick/clusters/analysis/n_target_sweep_funwake/a0.9_f1.0_N75_d20/Nt75/results.json
n_target_sweep,tp,a0.9_f1.0_N75_d20,/Users/julianquick/clusters/analysis/n_target_sweep_tp_funwake/a0.9_f1.0_N75_d20/Nt75/results.json
n_target_sweep,bast,a0.9_f1.0_N75_d40,/Users/julianquick/clusters/analysis/n_target_sweep_funwake/a0.9_f1.0_N75_d40/Nt75/results.json
n_target_sweep,tp,a0.9_f1.0_N75_d40,/Users/julianquick/clusters/analysis/n_target_sweep_tp_funwake/a0.9_f1.0_N75_d40/Nt75/results.json
n_target_sweep,bast,a0.9_f1.0_N100_d2,/Users/julianquick/clusters/analysis/n_target_sweep_funwake/a0.9_f1.0_N100_d2/Nt100/results.json
n_target_sweep,tp,a0.9_f1.0_N100_d2,/Users/julianquick/clusters/analysis/n_target_sweep_tp_funwake/a0.9_f1.0_N100_d2/Nt100/results.json
n_target_sweep,bast,a0.9_f1.0_N100_d10,/Users/julianquick/clusters/analysis/n_target_sweep_funwake/a0.9_f1.0_N100_d10/Nt100/results.json
n_target_sweep,tp,a0.9_f1.0_N100_d10,/Users/julianquick/clusters/analysis/n_target_sweep_tp_funwake/a0.9_f1.0_N100_d10/Nt100/results.json
n_target_sweep,bast,a0.9_f1.0_N100_d20,/Users/julianquick/clusters/analysis/n_target_sweep_funwake/a0.9_f1.0_N100_d20/Nt100/results.json
n_target_sweep,tp,a0.9_f1.0_N100_d20,/Users/julianquick/clusters/analysis/n_target_sweep_tp_funwake/a0.9_f1.0_N100_d20/Nt100/results.json
n_target_sweep,bast,a0.9_f1.0_N100_d40,/Users/julianquick/clusters/analysis/n_target_sweep_funwake/a0.9_f1.0_N100_d40/Nt100/results.json
n_target_sweep,tp,a0.9_f1.0_N100_d40,/Users/julianquick/clusters/analysis/n_target_sweep_tp_funwake/a0.9_f1.0_N100_d40/Nt100/results.json
